company_name,website,first_name,last_name,job_title,country,industry,employee_count,job_function,baseline_score,score_breakdown,ai_icp_assessment,ai_source,final_score,priority,qualification_reason,outreach_angle,personalized_opening,validation_status,missing_fields
Ridgewell Motion Systems,ridgewell-motion.example,Olivia,Grant,VP Procurement,United States,Industrial Machinery,420,Procurement,100,"{""company_size"": 15, ""data_completeness"": 10, ""geography"": 20, ""industry"": 25, ""job_function"": 15, ""seniority"": 15}",strong,mock,100,Hot,"Strong ICP fit: United States, Industrial Machinery, 420 employees, procurement role.",Explore how Ridgewell Motion Systems handles procurement capacity and process consistency.,"Hi Olivia, I noticed Ridgewell Motion Systems works in Industrial Machinery; I’d be interested in how your team approaches procurement priorities.",Complete,
Northstar Fabrication,northstar-fabrication.example,Daniel,Reed,Director of Supply Chain,United States,Manufacturing,280,Supply Chain,100,"{""company_size"": 15, ""data_completeness"": 10, ""geography"": 20, ""industry"": 25, ""job_function"": 15, ""seniority"": 15}",strong,mock,100,Hot,"Strong ICP fit: United States, Manufacturing, 280 employees, supply chain role.",Explore how Northstar Fabrication handles supply chain capacity and process consistency.,"Hi Daniel, I noticed Northstar Fabrication works in Manufacturing; I’d be interested in how your team approaches supply chain priorities.",Complete,
Cedarline Industrial Services,cedarline-industrial.example,Maya,Collins,Head of Operations,United States,Industrial Services,95,Operations,100,"{""company_size"": 15, ""data_completeness"": 10, ""geography"": 20, ""industry"": 25, ""job_function"": 15, ""seniority"": 15}",strong,mock,100,Hot,"Strong ICP fit: United States, Industrial Services, 95 employees, operations role.",Explore how Cedarline Industrial Services handles operations capacity and process consistency.,"Hi Maya, I noticed Cedarline Industrial Services works in Industrial Services; I’d be interested in how your team approaches operations priorities.",Complete,
Ironvale Equipment,ironvale-equipment.example,Ethan,Price,Director of Purchasing,United States,Equipment Manufacturing,760,Purchasing,100,"{""company_size"": 15, ""data_completeness"": 10, ""geography"": 20, ""industry"": 25, ""job_function"": 15, ""seniority"": 15}",strong,mock,100,Hot,"Strong ICP fit: United States, Equipment Manufacturing, 760 employees, purchasing role.",Explore how Ironvale Equipment handles purchasing capacity and process consistency.,"Hi Ethan, I noticed Ironvale Equipment works in Equipment Manufacturing; I’d be interested in how your team approaches purchasing priorities.",Complete,
Blueforge Engineering,blueforge-engineering.example,Sophia,Kim,VP Human Resources,United States,Engineering Services,180,Human Resources,100,"{""company_size"": 15, ""data_completeness"": 10, ""geography"": 20, ""industry"": 25, ""job_function"": 15, ""seniority"": 15}",strong,mock,100,Hot,"Strong ICP fit: United States, Engineering Services, 180 employees, human resources role.",Explore how Blueforge Engineering handles human resources capacity and process consistency.,"Hi Sophia, I noticed Blueforge Engineering works in Engineering Services; I’d be interested in how your team approaches human resources priorities.",Complete,
Summit Gearworks,summit-gearworks.example,Noah,Bennett,Talent Acquisition Manager,United States,Industrial Manufacturing,55,Talent Acquisition,94,"{""company_size"": 15, ""data_completeness"": 10, ""geography"": 20, ""industry"": 25, ""job_function"": 15, ""seniority"": 9}",strong,mock,99,Hot,"Strong ICP fit: United States, Industrial Manufacturing, 55 employees, talent acquisition role.",Explore how Summit Gearworks handles talent acquisition capacity and process consistency.,"Hi Noah, I noticed Summit Gearworks works in Industrial Manufacturing; I’d be interested in how your team approaches talent acquisition priorities.",Complete,
Atlas Valve & Pump,atlas-valve.example,Ava,Turner,Plant Manager,United States,Industrial Equipment,610,Operations,94,"{""company_size"": 15, ""data_completeness"": 10, ""geography"": 20, ""industry"": 25, ""job_function"": 15, ""seniority"": 9}",strong,mock,99,Hot,"Strong ICP fit: United States, Industrial Equipment, 610 employees, operations role.",Explore how Atlas Valve & Pump handles operations capacity and process consistency.,"Hi Ava, I noticed Atlas Valve & Pump works in Industrial Equipment; I’d be interested in how your team approaches operations priorities.",Complete,
Harborline Components,harborline-components.example,Liam,Walker,Procurement Manager,United States,Manufacturing,340,Procurement,94,"{""company_size"": 15, ""data_completeness"": 10, ""geography"": 20, ""industry"": 25, ""job_function"": 15, ""seniority"": 9}",strong,mock,99,Hot,"Strong ICP fit: United States, Manufacturing, 340 employees, procurement role.",Explore how Harborline Components handles procurement capacity and process consistency.,"Hi Liam, I noticed Harborline Components works in Manufacturing; I’d be interested in how your team approaches procurement priorities.",Complete,
Pioneer Automation,pioneer-automation.example,Isabella,Chen,Operations Director,United States,Industrial Automation,1250,Operations,92,"{""company_size"": 7, ""data_completeness"": 10, ""geography"": 20, ""industry"": 25, ""job_function"": 15, ""seniority"": 15}",moderate,mock,92,Hot,"Partial ICP fit: United States, Industrial Automation, 1250 employees, operations role.",Explore how Pioneer Automation handles operations capacity and process consistency.,"Hi Isabella, I noticed Pioneer Automation works in Industrial Automation; I’d be interested in how your team approaches operations priorities.",Complete,
Granite Field Services,granite-field.example,James,Foster,Supply Chain Lead,Canada,Industrial Services,190,Supply Chain,79,"{""company_size"": 15, ""data_completeness"": 10, ""geography"": 5, ""industry"": 25, ""job_function"": 15, ""seniority"": 9}",moderate,mock,79,Warm,"Partial ICP fit: Canada, Industrial Services, 190 employees, supply chain role.",Explore how Granite Field Services handles supply chain capacity and process consistency.,"Hi James, I noticed Granite Field Services works in Industrial Services; I’d be interested in how your team approaches supply chain priorities.",Complete,
Silver Creek Distribution,silver-creek.example,Amelia,Hayes,Purchasing Manager,United States,Distribution,85,Purchasing,82,"{""company_size"": 15, ""data_completeness"": 10, ""geography"": 20, ""industry"": 13, ""job_function"": 15, ""seniority"": 9}",moderate,mock,82,Hot,"Partial ICP fit: United States, Distribution, 85 employees, purchasing role.",Explore how Silver Creek Distribution handles purchasing capacity and process consistency.,"Hi Amelia, I noticed Silver Creek Distribution works in Distribution; I’d be interested in how your team approaches purchasing priorities.",Complete,
Oakspan Construction,oakspan-construction.example,Lucas,Morgan,Operations Supervisor,United States,Construction,460,Operations,82,"{""company_size"": 15, ""data_completeness"": 10, ""geography"": 20, ""industry"": 13, ""job_function"": 15, ""seniority"": 9}",moderate,mock,82,Hot,"Partial ICP fit: United States, Construction, 460 employees, operations role.",Explore how Oakspan Construction handles operations capacity and process consistency.,"Hi Lucas, I noticed Oakspan Construction works in Construction; I’d be interested in how your team approaches operations priorities.",Complete,
Westbridge Logistics,westbridge-logistics.example,Charlotte,Evans,HR Manager,United States,Logistics,140,Human Resources,82,"{""company_size"": 15, ""data_completeness"": 10, ""geography"": 20, ""industry"": 13, ""job_function"": 15, ""seniority"": 9}",moderate,mock,82,Hot,"Partial ICP fit: United States, Logistics, 140 employees, human resources role.",Explore how Westbridge Logistics handles human resources capacity and process consistency.,"Hi Charlotte, I noticed Westbridge Logistics works in Logistics; I’d be interested in how your team approaches human resources priorities.",Complete,
Meridian Design Studio,meridian-design.example,Benjamin,Scott,Director of Operations,United States,Design Agency,42,Operations,78,"{""company_size"": 15, ""data_completeness"": 10, ""geography"": 20, ""industry"": 3, ""job_function"": 15, ""seniority"": 15}",moderate,mock,78,Warm,"Partial ICP fit: United States, Design Agency, 42 employees, operations role.",Explore how Meridian Design Studio handles operations capacity and process consistency.,"Hi Benjamin, I noticed Meridian Design Studio works in Design Agency; I’d be interested in how your team approaches operations priorities.",Complete,
Lakepath Analytics,lakepath-analytics.example,Harper,Diaz,VP Marketing,United States,Software,75,Other,66,"{""company_size"": 15, ""data_completeness"": 10, ""geography"": 20, ""industry"": 3, ""job_function"": 3, ""seniority"": 15}",moderate,mock,66,Warm,"Partial ICP fit: United States, Software, 75 employees, other role.",Explore operational priorities at Lakepath Analytics before proposing a solution.,"Hi Harper, I noticed Lakepath Analytics works in Software; I’d be interested in how your team approaches other priorities.",Complete,
Juniper Retail Group,juniper-retail.example,Henry,Brooks,Store Associate,United States,Retail,18,Other,46,"{""company_size"": 7, ""data_completeness"": 10, ""geography"": 20, ""industry"": 3, ""job_function"": 3, ""seniority"": 3}",weak,mock,41,Cold,"Limited ICP fit: United States, Retail, 18 employees, other role.",Explore operational priorities at Juniper Retail Group before proposing a solution.,"Hi Henry, I noticed Juniper Retail Group works in Retail; I’d be interested in how your team approaches other priorities.",Complete,
Fernwell Media,fernwell-media.example,Evelyn,Ward,Content Specialist,United Kingdom,Media,12,Other,31,"{""company_size"": 7, ""data_completeness"": 10, ""geography"": 5, ""industry"": 3, ""job_function"": 3, ""seniority"": 3}",weak,mock,26,Cold,"Limited ICP fit: United Kingdom, Media, 12 employees, other role.",Explore operational priorities at Fernwell Media before proposing a solution.,"Hi Evelyn, I noticed Fernwell Media works in Media; I’d be interested in how your team approaches other priorities.",Complete,
Solstice Hospitality,solstice-hospitality.example,Alexander,Ross,Guest Services Agent,France,Hospitality,105,Other,39,"{""company_size"": 15, ""data_completeness"": 10, ""geography"": 5, ""industry"": 3, ""job_function"": 3, ""seniority"": 3}",weak,mock,34,Cold,"Limited ICP fit: France, Hospitality, 105 employees, other role.",Explore operational priorities at Solstice Hospitality before proposing a solution.,"Hi Alexander, I noticed Solstice Hospitality works in Hospitality; I’d be interested in how your team approaches other priorities.",Complete,
Bridgepoint Machinery,bridgepoint-machinery.example,Grace,Perry,Procurement Director,,Industrial Machinery,225,Procurement,79,"{""company_size"": 15, ""data_completeness"": 9, ""geography"": 0, ""industry"": 25, ""job_function"": 15, ""seniority"": 15}",moderate,mock,79,Warm,"Partial ICP fit: unknown location, Industrial Machinery, 225 employees, procurement role.",Explore how Bridgepoint Machinery handles procurement capacity and process consistency.,"Hi Grace, I noticed Bridgepoint Machinery works in Industrial Machinery; I’d be interested in how your team approaches procurement priorities.",Incomplete,country
Elmcrest Equipment,elmcrest-equipment.example,William,Long,Operations Manager,United States,Industrial Equipment,,Operations,78,"{""company_size"": 0, ""data_completeness"": 9, ""geography"": 20, ""industry"": 25, ""job_function"": 15, ""seniority"": 9}",moderate,mock,78,Warm,"Partial ICP fit: United States, Industrial Equipment, unknown employees, operations role.",Explore how Elmcrest Equipment handles operations capacity and process consistency.,"Hi William, I noticed Elmcrest Equipment works in Industrial Equipment; I’d be interested in how your team approaches operations priorities.",Incomplete,employee_count
Orion Process Works,orion-process.example,Chloe,Hall,,United States,Manufacturing,320,Other,69,"{""company_size"": 15, ""data_completeness"": 9, ""geography"": 20, ""industry"": 25, ""job_function"": 0, ""seniority"": 0}",moderate,mock,69,Warm,"Partial ICP fit: United States, Manufacturing, 320 employees, other role.",Explore operational priorities at Orion Process Works before proposing a solution.,"Hi Chloe, I noticed Orion Process Works works in Manufacturing; I’d be interested in how your team approaches other priorities.",Incomplete,job_title
Hearthstone Engineering,,Jack,Young,Supply Chain Manager,United States,Engineering Services,68,Supply Chain,93,"{""company_size"": 15, ""data_completeness"": 9, ""geography"": 20, ""industry"": 25, ""job_function"": 15, ""seniority"": 9}",strong,mock,98,Hot,"Strong ICP fit: United States, Engineering Services, 68 employees, supply chain role.",Explore how Hearthstone Engineering handles supply chain capacity and process consistency.,"Hi Jack, I noticed Hearthstone Engineering works in Engineering Services; I’d be interested in how your team approaches supply chain priorities.",Incomplete,website
Cloudmarsh Software,cloudmarsh.example,Emily,King,Software Engineer,India,Software,1600,Other,31,"{""company_size"": 7, ""data_completeness"": 10, ""geography"": 5, ""industry"": 3, ""job_function"": 3, ""seniority"": 3}",weak,mock,26,Cold,"Limited ICP fit: India, Software, 1600 employees, other role.",Explore operational priorities at Cloudmarsh Software before proposing a solution.,"Hi Emily, I noticed Cloudmarsh Software works in Software; I’d be interested in how your team approaches other priorities.",Complete,
Redleaf Agricultural Co,redleaf-ag.example,Michael,Allen,Operations Manager,United States,Agriculture,8,Operations,64,"{""company_size"": 7, ""data_completeness"": 10, ""geography"": 20, ""industry"": 3, ""job_function"": 15, ""seniority"": 9}",moderate,mock,64,Warm,"Partial ICP fit: United States, Agriculture, 8 employees, operations role.",Explore how Redleaf Agricultural Co handles operations capacity and process consistency.,"Hi Michael, I noticed Redleaf Agricultural Co works in Agriculture; I’d be interested in how your team approaches operations priorities.",Complete,
