company_name,website,first_name,last_name,job_title,country,industry,employee_count
Ridgewell Motion Systems,ridgewell-motion.example,Olivia,Grant,VP Procurement,United States,Industrial Machinery,420
Northstar Fabrication,northstar-fabrication.example,Daniel,Reed,Director of Supply Chain,USA,Manufacturing,280
Cedarline Industrial Services,cedarline-industrial.example,Maya,Collins,Head of Operations,US,Industrial Services,95
Ironvale Equipment,ironvale-equipment.example,Ethan,Price,Director of Purchasing,United States,Equipment Manufacturing,760
Blueforge Engineering,blueforge-engineering.example,Sophia,Kim,VP Human Resources,United States,Engineering Services,180
Summit Gearworks,summit-gearworks.example,Noah,Bennett,Talent Acquisition Manager,United States,Industrial Manufacturing,55
Atlas Valve & Pump,atlas-valve.example,Ava,Turner,Plant Manager,United States,Industrial Equipment,610
Harborline Components,harborline-components.example,Liam,Walker,Procurement Manager,United States,Manufacturing,340
Pioneer Automation,pioneer-automation.example,Isabella,Chen,Operations Director,United States,Industrial Automation,1250
Granite Field Services,granite-field.example,James,Foster,Supply Chain Lead,Canada,Industrial Services,190
Silver Creek Distribution,silver-creek.example,Amelia,Hayes,Purchasing Manager,United States,Distribution,85
Oakspan Construction,oakspan-construction.example,Lucas,Morgan,Operations Supervisor,United States,Construction,460
Westbridge Logistics,westbridge-logistics.example,Charlotte,Evans,HR Manager,United States,Logistics,140
Meridian Design Studio,meridian-design.example,Benjamin,Scott,Director of Operations,United States,Design Agency,42
Lakepath Analytics,lakepath-analytics.example,Harper,Diaz,VP Marketing,United States,Software,75
Juniper Retail Group,juniper-retail.example,Henry,Brooks,Store Associate,United States,Retail,18
Fernwell Media,fernwell-media.example,Evelyn,Ward,Content Specialist,United Kingdom,Media,12
Solstice Hospitality,solstice-hospitality.example,Alexander,Ross,Guest Services Agent,France,Hospitality,105
Bridgepoint Machinery,bridgepoint-machinery.example,Grace,Perry,Procurement Director,,Industrial Machinery,225
Elmcrest Equipment,elmcrest-equipment.example,William,Long,Operations Manager,United States,Industrial Equipment,
Orion Process Works,orion-process.example,Chloe,Hall,,United States,Manufacturing,320
Hearthstone Engineering,,Jack,Young,Supply Chain Manager,United States,Engineering Services,68
Ridgewell Motion Systems,https://ridgewell-motion.example/,Olivia,Grant,VP Procurement,USA,Industrial Machinery,420
Northstar Fabrication,northstar-fabrication.example,Daniel,Reed,Director of Supply Chain,United States,Manufacturing,280
Cloudmarsh Software,cloudmarsh.example,Emily,King,Software Engineer,India,Software,1600
Redleaf Agricultural Co,redleaf-ag.example,Michael,Allen,Operations Manager,United States,Agriculture,8
